{
    "LipidSpaces": [
        {
            "LipidomeName": "global_lipidome",
            "LipidNames": [
                "Cer 18:0;1OH,3OH/20:0",
                "Cer 18:0;1OH,3OH/22:0",
                "Cer 18:0;1OH,3OH/24:0",
                "Cer 18:0;O2/24:1",
                "Cer 18:1;O2/16:0",
                "Cer 18:1;O2/18:0",
                "Cer 18:1;O2/20:0"
            ],
            "ImportedLipidNames": [
                "Cer(d18:0/20:0)",
                "Cer(d18:0/22:0)",
                "Cer(d18:0/24:0)",
                "Cer(d18:0/24:1)",
                "Cer(d18:1/16:0)",
                "Cer(d18:1/18:0)",
                "Cer(d18:1/20:0)"
            ],
            "Intensities": [61.25, 239.75, 324.25, 1920, 458.5, 148.5, 144.667],
            "X": [
                0.229676, -1.48419, -2.19277, -2.23185, 3.14244, 2.22758,
                0.309104
            ],
            "Y": [
                1.98299, 0.56031, -1.08824, -1.46642, -1.93362, 0.100162,
                1.84482
            ]
        },
        {
            "LipidomeName": "'Ethnicity' group lipidome - Chinese",
            "LipidNames": [
                "Cer 18:0;1OH,3OH/20:0",
                "Cer 18:0;1OH,3OH/22:0",
                "Cer 18:0;1OH,3OH/24:0",
                "Cer 18:0;O2/24:1",
                "Cer 18:1;O2/16:0",
                "Cer 18:1;O2/18:0",
                "Cer 18:1;O2/20:0"
            ],
            "ImportedLipidNames": [
                "Cer(d18:0/20:0)",
                "Cer(d18:0/22:0)",
                "Cer(d18:0/24:0)",
                "Cer(d18:0/24:1)",
                "Cer(d18:1/16:0)",
                "Cer(d18:1/18:0)",
                "Cer(d18:1/20:0)"
            ],
            "Intensities": [55, 198.5, 298.5, 1994.5, 426, 132, 159],
            "X": [
                0.229676, -1.48419, -2.19277, -2.23185, 3.14244, 2.22758,
                0.309104
            ],
            "Y": [
                1.98299, 0.56031, -1.08824, -1.46642, -1.93362, 0.100162,
                1.84482
            ]
        },
        {
            "LipidomeName": "'Ethnicity' group lipidome - Indian",
            "LipidNames": [
                "Cer 18:0;1OH,3OH/20:0",
                "Cer 18:0;1OH,3OH/22:0",
                "Cer 18:0;1OH,3OH/24:0",
                "Cer 18:0;O2/24:1",
                "Cer 18:1;O2/16:0",
                "Cer 18:1;O2/18:0",
                "Cer 18:1;O2/20:0"
            ],
            "ImportedLipidNames": [
                "Cer(d18:0/20:0)",
                "Cer(d18:0/22:0)",
                "Cer(d18:0/24:0)",
                "Cer(d18:0/24:1)",
                "Cer(d18:1/16:0)",
                "Cer(d18:1/18:0)",
                "Cer(d18:1/20:0)"
            ],
            "Intensities": [82, 325, 438, 1905, 538, 147, 136],
            "X": [
                0.229676, -1.48419, -2.19277, -2.23185, 3.14244, 2.22758,
                0.309104
            ],
            "Y": [
                1.98299, 0.56031, -1.08824, -1.46642, -1.93362, 0.100162,
                1.84482
            ]
        },
        {
            "LipidomeName": "'Ethnicity' group lipidome - Malay",
            "LipidNames": [
                "Cer 18:0;1OH,3OH/20:0",
                "Cer 18:0;1OH,3OH/22:0",
                "Cer 18:0;1OH,3OH/24:0",
                "Cer 18:0;O2/24:1",
                "Cer 18:1;O2/16:0",
                "Cer 18:1;O2/18:0",
                "Cer 18:1;O2/20:0"
            ],
            "ImportedLipidNames": [
                "Cer(d18:0/20:0)",
                "Cer(d18:0/22:0)",
                "Cer(d18:0/24:0)",
                "Cer(d18:0/24:1)",
                "Cer(d18:1/16:0)",
                "Cer(d18:1/18:0)",
                "Cer(d18:1/20:0)"
            ],
            "Intensities": [53, 237, 262, 1786, 444, 183, 139],
            "X": [
                0.229676, -1.48419, -2.19277, -2.23185, 3.14244, 2.22758,
                0.309104
            ],
            "Y": [
                1.98299, 0.56031, -1.08824, -1.46642, -1.93362, 0.100162,
                1.84482
            ]
        },
        {
            "LipidomeName": "'Gender' group lipidome - Female",
            "LipidNames": [
                "Cer 18:0;1OH,3OH/20:0",
                "Cer 18:0;1OH,3OH/22:0",
                "Cer 18:0;1OH,3OH/24:0",
                "Cer 18:0;O2/24:1",
                "Cer 18:1;O2/16:0",
                "Cer 18:1;O2/18:0",
                "Cer 18:1;O2/20:0"
            ],
            "ImportedLipidNames": [
                "Cer(d18:0/20:0)",
                "Cer(d18:0/22:0)",
                "Cer(d18:0/24:0)",
                "Cer(d18:0/24:1)",
                "Cer(d18:1/16:0)",
                "Cer(d18:1/18:0)",
                "Cer(d18:1/20:0)"
            ],
            "Intensities": [54.3333, 211.333, 286.333, 1925, 432, 149, 149],
            "X": [
                0.229676, -1.48419, -2.19277, -2.23185, 3.14244, 2.22758,
                0.309104
            ],
            "Y": [
                1.98299, 0.56031, -1.08824, -1.46642, -1.93362, 0.100162,
                1.84482
            ]
        },
        {
            "LipidomeName": "'Gender' group lipidome - Male",
            "LipidNames": [
                "Cer 18:0;1OH,3OH/20:0",
                "Cer 18:0;1OH,3OH/22:0",
                "Cer 18:0;1OH,3OH/24:0",
                "Cer 18:0;O2/24:1",
                "Cer 18:1;O2/16:0",
                "Cer 18:1;O2/18:0",
                "Cer 18:1;O2/20:0"
            ],
            "ImportedLipidNames": [
                "Cer(d18:0/20:0)",
                "Cer(d18:0/22:0)",
                "Cer(d18:0/24:0)",
                "Cer(d18:0/24:1)",
                "Cer(d18:1/16:0)",
                "Cer(d18:1/18:0)",
                "Cer(d18:1/20:0)"
            ],
            "Intensities": [82, 325, 438, 1905, 538, 147, 136],
            "X": [
                0.229676, -1.48419, -2.19277, -2.23185, 3.14244, 2.22758,
                0.309104
            ],
            "Y": [
                1.98299, 0.56031, -1.08824, -1.46642, -1.93362, 0.100162,
                1.84482
            ]
        },
        {
            "LipidomeName": "'Origin' group lipidome - table_file",
            "LipidNames": [
                "Cer 18:0;1OH,3OH/20:0",
                "Cer 18:0;1OH,3OH/22:0",
                "Cer 18:0;1OH,3OH/24:0",
                "Cer 18:0;O2/24:1",
                "Cer 18:1;O2/16:0",
                "Cer 18:1;O2/18:0",
                "Cer 18:1;O2/20:0"
            ],
            "ImportedLipidNames": [
                "Cer(d18:0/20:0)",
                "Cer(d18:0/22:0)",
                "Cer(d18:0/24:0)",
                "Cer(d18:0/24:1)",
                "Cer(d18:1/16:0)",
                "Cer(d18:1/18:0)",
                "Cer(d18:1/20:0)"
            ],
            "Intensities": [61.25, 239.75, 324.25, 1920, 458.5, 148.5, 144.667],
            "X": [
                0.229676, -1.48419, -2.19277, -2.23185, 3.14244, 2.22758,
                0.309104
            ],
            "Y": [
                1.98299, 0.56031, -1.08824, -1.46642, -1.93362, 0.100162,
                1.84482
            ]
        },
        {
            "LipidomeName": "'Smoker' group lipidome - 0",
            "LipidNames": [
                "Cer 18:0;1OH,3OH/20:0",
                "Cer 18:0;1OH,3OH/22:0",
                "Cer 18:0;1OH,3OH/24:0",
                "Cer 18:0;O2/24:1",
                "Cer 18:1;O2/16:0",
                "Cer 18:1;O2/18:0",
                "Cer 18:1;O2/20:0"
            ],
            "ImportedLipidNames": [
                "Cer(d18:0/20:0)",
                "Cer(d18:0/22:0)",
                "Cer(d18:0/24:0)",
                "Cer(d18:0/24:1)",
                "Cer(d18:1/16:0)",
                "Cer(d18:1/18:0)",
                "Cer(d18:1/20:0)"
            ],
            "Intensities": [59.6667, 232, 310, 1809, 426.333, 142.333, 137.5],